ADDRESS,CITY,STATE
2845 ARIZONA TERRACE NW,Washington,DC
2812 34TH PLACE NW,Washington,DC
2820 34TH PLACE NW,Washington,DC
1424 Q STREET NW,Washington,DC
2949 BRANDYWINE STREET NW,Washington,DC
3720 INGOMAR STREET NW,Washington,DC
1855 NEWTON STREET NW,Washington,DC
1851 NEWTON STREET NW,Washington,DC
1853 NEWTON STREET NW,Washington,DC
1857 NEWTON STREET NW,Washington,DC
1849 NEWTON STREET NW,Washington,DC
1319 COLUMBIA ROAD NW,Washington,DC
5412 NEBRASKA AVENUE NW,Washington,DC
6 M STREET NW,Washington,DC
3212 NEWARK STREET NW,Washington,DC
1421 SHEPHERD STREET NW,Washington,DC
1417 SHEPHERD STREET NW,Washington,DC
1409 SHEPHERD STREET NW,Washington,DC
1419 SHEPHERD STREET NW,Washington,DC
1423 SHEPHERD STREET NW,Washington,DC
1407 SHEPHERD STREET NW,Washington,DC
1415 SHEPHERD STREET NW,Washington,DC
1411 SHEPHERD STREET NW,Washington,DC
1413 SHEPHERD STREET NW,Washington,DC
3519 PORTER STREET NW,Washington,DC
1227 S STREET NW,Washington,DC
4437 BURLINGTON PLACE NW,Washington,DC
4433 BURLINGTON PLACE NW,Washington,DC
4621 45TH STREET NW,Washington,DC
4441 BURLINGTON PLACE NW,Washington,DC
5534 NEVADA AVENUE NW,Washington,DC
3024 44TH STREET NW,Washington,DC
2025 35TH STREET NW,Washington,DC
1913 I STREET NW,Washington,DC
5885 COLORADO AVENUE NW,Washington,DC
2929 MASSACHUSETTS AVENUE NW,Washington,DC
3065 UNIVERSITY TERRACE NW,Washington,DC
1821 T STREET NW,Washington,DC
4630 DAVENPORT STREET NW,Washington,DC
3815 CALVERT STREET NW,Washington,DC
3809 CALVERT STREET NW,Washington,DC
3813 CALVERT STREET NW,Washington,DC
3819 CALVERT STREET NW,Washington,DC
3805 CALVERT STREET NW,Washington,DC
3817 CALVERT STREET NW,Washington,DC
3807 CALVERT STREET NW,Washington,DC
3803 CALVERT STREET NW,Washington,DC
3811 CALVERT STREET NW,Washington,DC
3016 DUMBARTON STREET NW,Washington,DC
3303 CLEVELAND AVENUE NW,Washington,DC
3301 CLEVELAND AVENUE NW,Washington,DC
3305 CLEVELAND AVENUE NW,Washington,DC
5420 COLORADO AVENUE NW,Washington,DC
72 P STREET NW,Washington,DC
2106 G STREET NW,Washington,DC
1600 PENNSYLVANIA AVENUE NW,Washington,DC
4416 BUTTERWORTH PLACE NW,Washington,DC
5451 31ST STREET NW,Washington,DC
917 O STREET NW,Washington,DC
4208 50TH STREET NW,Washington,DC
3030 KLINGLE ROAD NW,Washington,DC
1621 WISCONSIN AVENUE NW,Washington,DC
2516 I STREET NW,Washington,DC
2518 I STREET NW,Washington,DC
2514 I STREET NW,Washington,DC
2512 I STREET NW,Washington,DC
4516 43RD STREET NW,Washington,DC
2011 HILLYER PLACE NW,Washington,DC
5316 42ND STREET NW,Washington,DC
2126 R STREET NW,Washington,DC
1050 K STREET NW,Washington,DC
1419 S STREET NW,Washington,DC
2319 ASHMEAD PLACE NW,Washington,DC
2321 ASHMEAD PLACE NW,Washington,DC
2222 DECATUR PLACE NW,Washington,DC
1841 PARK ROAD NW,Washington,DC
3718 CUMBERLAND STREET NW,Washington,DC
3120 WOODLEY ROAD NW,Washington,DC
1807 FLORIDA AVENUE NW,Washington,DC
1803 FLORIDA AVENUE NW,Washington,DC
1805 FLORIDA AVENUE NW,Washington,DC
3226 CLEVELAND AVENUE NW,Washington,DC
3220 CLEVELAND AVENUE NW,Washington,DC
2836 ELLICOTT STREET NW,Washington,DC
3270 ABERFOYLE PLACE NW,Washington,DC
3031 PORTER STREET NW,Washington,DC
3035 PORTER STREET NW,Washington,DC
3201 NEW MEXICO AVENUE NW,Washington,DC
4214 JENIFER STREET NW,Washington,DC
5238 42ND STREET NW,Washington,DC
5246 42ND STREET NW,Washington,DC
4210 JENIFER STREET NW,Washington,DC
5242 42ND STREET NW,Washington,DC
2943 MCKINLEY STREET NW,Washington,DC
5175 WATSON STREET NW,Washington,DC
4546 LOWELL STREET NW,Washington,DC
1325 CONNECTICUT AVENUE NW,Washington,DC
1050 21ST STREET NW,Washington,DC
1330 G STREET NW,Washington,DC
3901 FULTON STREET NW,Washington,DC
5011 34TH STREET NW,Washington,DC
939 N STREET NW,Washington,DC
3505 PROSPECT STREET NW,Washington,DC
1302 S STREET NW,Washington,DC
1304 S STREET NW,Washington,DC
3114 LEGATION STREET NW,Washington,DC
3600 IDAHO AVENUE NW,Washington,DC
3610 IDAHO AVENUE NW,Washington,DC
3417 MORRISON STREET NW,Washington,DC
6660 32ND STREET NW,Washington,DC
6656 32ND STREET NW,Washington,DC
2412 WISCONSIN AVENUE NW,Washington,DC
838 VARNUM STREET NW,Washington,DC
836 VARNUM STREET NW,Washington,DC
840 VARNUM STREET NW,Washington,DC
2832 HURST TERRACE NW,Washington,DC
1007 S STREET NW,Washington,DC
1003 S STREET NW,Washington,DC
1011 S STREET NW,Washington,DC
1005 S STREET NW,Washington,DC
1009 S STREET NW,Washington,DC
5025 MACOMB STREET NW,Washington,DC
3340 NORTHAMPTON STREET NW,Washington,DC
3745 WINFIELD LANE NW,Washington,DC
3245 CLEVELAND AVENUE NW,Washington,DC
4020 17TH STREET NW,Washington,DC
1305 COLUMBIA ROAD NW,Washington,DC
1810 CALVERT STREET NW,Washington,DC
2119 H STREET NW,Washington,DC
3527 YUMA STREET NW,Washington,DC
940 F STREET NW,Washington,DC
3501 NEWARK STREET NW,Washington,DC
80 P STREET NW,Washington,DC
6136 32ND PLACE NW,Washington,DC
5031 LOWELL STREET NW,Washington,DC
3829 WOODLEY ROAD NW,Washington,DC
1428 FOXHALL ROAD NW,Washington,DC
4817 BLAGDEN AVENUE NW,Washington,DC
4012 CALVERT STREET NW,Washington,DC
5366 43RD STREET NW,Washington,DC
5031 RENO ROAD NW,Washington,DC
3250 HIGHLAND PLACE NW,Washington,DC
2422 ONTARIO ROAD NW,Washington,DC
2349 MASSACHUSETTS AVENUE NW,Washington,DC
2310 KALORAMA ROAD NW,Washington,DC
1817 COLUMBIA ROAD NW,Washington,DC
1819 COLUMBIA ROAD NW,Washington,DC
200 RITTENHOUSE STREET NW,Washington,DC
113 REAR U STREET NW,Washington,DC
3230 45TH STREET NW,Washington,DC
1556 34TH STREET NW,Washington,DC
3609 CUMBERLAND STREET NW,Washington,DC
2710 MACOMB STREET NW,Washington,DC
1767 U STREET NW,Washington,DC
3209 MILITARY ROAD NW,Washington,DC
3316 NORTHAMPTON STREET NW,Washington,DC
3544 WINFIELD LANE NW,Washington,DC
3607 NEWARK STREET NW,Washington,DC
2350 H STREET NW,Washington,DC
3535 CHESAPEAKE STREET NW,Washington,DC
3539 CHESAPEAKE STREET NW,Washington,DC
3543 CHESAPEAKE STREET NW,Washington,DC
2903 P STREET NW,Washington,DC
1509 33RD STREET NW,Washington,DC
5441 33RD STREET NW,Washington,DC
5134 KLINGLE STREET NW,Washington,DC
5138 KLINGLE STREET NW,Washington,DC
3900 CALVERT STREET NW,Washington,DC
2456 39TH STREET NW,Washington,DC
2454 39TH STREET NW,Washington,DC
3600 PATTERSON STREET NW,Washington,DC
1130 17TH STREET NW,Washington,DC
2029 WATERSIDE DRIVE NW,Washington,DC
2000 24TH STREET NW,Washington,DC
1816 SWANN STREET NW,Washington,DC
4994 WARREN STREET NW,Washington,DC
400 T STREET NW,Washington,DC
2734 P STREET NW,Washington,DC
1212 35TH STREET NW,Washington,DC
4404 ALBEMARLE STREET NW,Washington,DC
3715 MILITARY ROAD NW,Washington,DC
3717 MILITARY ROAD NW,Washington,DC
2723 Q STREET NW,Washington,DC
3921 LIVINGSTON STREET NW,Washington,DC
999 E STREET NW,Washington,DC
5332 1/2 CAROLINA PLACE NW,Washington,DC
1333 KENYON STREET NW,Washington,DC
4573 MACARTHUR BOULEVARD NW,Washington,DC
4569 MACARTHUR BOULEVARD NW,Washington,DC
1469 CHURCH STREET NW,Washington,DC
2118 KALORAMA ROAD NW,Washington,DC
1350 MONROE STREET NW,Washington,DC
2920 CATHEDRAL AVENUE NW,Washington,DC
2614 WOODLEY PLACE NW,Washington,DC
2622 WOODLEY PLACE NW,Washington,DC
2618 WOODLEY PLACE NW,Washington,DC
2616 WOODLEY PLACE NW,Washington,DC
2620 WOODLEY PLACE NW,Washington,DC
446 LAMONT STREET NW,Washington,DC
440 LAMONT STREET NW,Washington,DC
432 LAMONT STREET NW,Washington,DC
444 LAMONT STREET NW,Washington,DC
434 LAMONT STREET NW,Washington,DC
442 LAMONT STREET NW,Washington,DC
436 LAMONT STREET NW,Washington,DC
448 LAMONT STREET NW,Washington,DC
438 LAMONT STREET NW,Washington,DC
4801 UPTON STREET NW,Washington,DC
3749 OLIVER STREET NW,Washington,DC
1318 22ND STREET NW,Washington,DC
3939 LEGATION STREET NW,Washington,DC
1045 WISCONSIN AVENUE NW,Washington,DC
4939 30TH PLACE NW,Washington,DC
3714 VAN NESS STREET NW,Washington,DC
3308 IDAHO AVENUE NW,Washington,DC
1653 PENNSYLVANIA AVENUE NW,Washington,DC
1320 SHEPHERD STREET NW,Washington,DC
1318 SHEPHERD STREET NW,Washington,DC
1322 SHEPHERD STREET NW,Washington,DC
1412 29TH STREET NW,Washington,DC
1414 29TH STREET NW,Washington,DC
1310 27TH STREET NW,Washington,DC
1525 27TH STREET NW,Washington,DC
1520 26TH STREET NW,Washington,DC
1524 26TH STREET NW,Washington,DC
1522 26TH STREET NW,Washington,DC
1523 27TH STREET NW,Washington,DC
4735 TILDEN STREET NW,Washington,DC
1616 32ND STREET NW,Washington,DC
1618 32ND STREET NW,Washington,DC
1316 MONROE STREET NW,Washington,DC
1312 MONROE STREET NW,Washington,DC
1314 MONROE STREET NW,Washington,DC
3612 34TH STREET NW,Washington,DC
3616 34TH STREET NW,Washington,DC
3618 34TH STREET NW,Washington,DC
3614 34TH STREET NW,Washington,DC
1516 33RD STREET NW,Washington,DC
4901 PALISADE LANE NW,Washington,DC
5170 34TH STREET NW,Washington,DC
4220 FORDHAM ROAD NW,Washington,DC
3610 ALBEMARLE STREET NW,Washington,DC
1318 KENYON STREET NW,Washington,DC
1316 KENYON STREET NW,Washington,DC
1314 KENYON STREET NW,Washington,DC
4915 MASSACHUSETTS AVENUE NW,Washington,DC
4536 BROAD BRANCH ROAD NW,Washington,DC
1653 PARK ROAD NW,Washington,DC
1661 NEWTON STREET NW,Washington,DC
1663 NEWTON STREET NW,Washington,DC
1655 NEWTON STREET NW,Washington,DC
1653 NEWTON STREET NW,Washington,DC
1657 NEWTON STREET NW,Washington,DC
1659 NEWTON STREET NW,Washington,DC
2701 CALVERT STREET NW,Washington,DC
1716 VARNUM STREET NW,Washington,DC
4205 49TH STREET NW,Washington,DC
2808 MCKINLEY PLACE NW,Washington,DC
3421 DENT PLACE NW,Washington,DC
3606 JOCELYN STREET NW,Washington,DC
3610 JOCELYN STREET NW,Washington,DC
3423 ORDWAY STREET NW,Washington,DC
5807 32ND STREET NW,Washington,DC
3235 M STREET NW,Washington,DC
1410 33RD STREET NW,Washington,DC
1326 34TH STREET NW,Washington,DC
1475 MASSACHUSETTS AVENUE NW,Washington,DC
3210 WISCONSIN AVENUE NW,Washington,DC
4811 47TH STREET NW,Washington,DC
3050 FOXHALL ROAD NW,Washington,DC
4203 YUMA STREET NW,Washington,DC
3919 FULTON STREET NW,Washington,DC
3035 RODMAN STREET NW,Washington,DC
4711 WARREN STREET NW,Washington,DC
2922 N STREET NW,Washington,DC
1747 SHEPHERD STREET NW,Washington,DC
2525 WATERSIDE DRIVE NW,Washington,DC
2533 WATERSIDE DRIVE NW,Washington,DC
2543 WATERSIDE DRIVE NW,Washington,DC
2529 WATERSIDE DRIVE NW,Washington,DC
2527 WATERSIDE DRIVE NW,Washington,DC
2531 WATERSIDE DRIVE NW,Washington,DC
2541 WATERSIDE DRIVE NW,Washington,DC
2539 WATERSIDE DRIVE NW,Washington,DC
2537 WATERSIDE DRIVE NW,Washington,DC
2535 WATERSIDE DRIVE NW,Washington,DC
2739 MACOMB STREET NW,Washington,DC
2948 GARFIELD TERRACE NW,Washington,DC
3717 ALTON PLACE NW,Washington,DC
1773 LANIER PLACE NW,Washington,DC
1027 CONNECTICUT AVENUE NW,Washington,DC
6226 31ST STREET NW,Washington,DC
1210 35TH STREET NW,Washington,DC
1237 WISCONSIN AVENUE NW,Washington,DC
1511 FOXHALL ROAD NW,Washington,DC
5116 CHEVY CHASE PARKWAY NW,Washington,DC
4531 Q PLACE NW,Washington,DC
5014 LOWELL STREET NW,Washington,DC
4245 MATHEWSON DRIVE NW,Washington,DC
2765 UNICORN LANE NW,Washington,DC
1133 21ST STREET NW,Washington,DC
3515 LOWELL STREET NW,Washington,DC
3215 NORTHAMPTON STREET NW,Washington,DC
5333 WISCONSIN AVENUE NW,Washington,DC
4627 44TH STREET NW,Washington,DC
4615 44TH STREET NW,Washington,DC
4611 44TH STREET NW,Washington,DC
4623 44TH STREET NW,Washington,DC
4619 44TH STREET NW,Washington,DC
3406 RESERVOIR ROAD NW,Washington,DC
1507 VARNUM STREET NW,Washington,DC
1511 VARNUM STREET NW,Washington,DC
1501 VARNUM STREET NW,Washington,DC
1513 VARNUM STREET NW,Washington,DC
1505 VARNUM STREET NW,Washington,DC
1503 VARNUM STREET NW,Washington,DC
1509 VARNUM STREET NW,Washington,DC
5120 52ND STREET NW,Washington,DC
3193 PORTER STREET NW,Washington,DC
3195 PORTER STREET NW,Washington,DC
830 UPSHUR STREET NW,Washington,DC
5401 32ND STREET NW,Washington,DC
16 KALORAMA CIRCLE NW,Washington,DC
5314 43RD STREET NW,Washington,DC
3213 JOCELYN STREET NW,Washington,DC
3209 JOCELYN STREET NW,Washington,DC
948 FLORIDA AVENUE NW,Washington,DC
952 FLORIDA AVENUE NW,Washington,DC
946 FLORIDA AVENUE NW,Washington,DC
950 FLORIDA AVENUE NW,Washington,DC
907 W STREET NW,Washington,DC
3115 WORTHINGTON STREET NW,Washington,DC
2038 17TH STREET NW,Washington,DC
1870 NEWTON STREET NW,Washington,DC
4294 MASSACHUSETTS AVENUE NW,Washington,DC
6350 32ND STREET NW,Washington,DC
1339 29TH STREET NW,Washington,DC
2324 TRACY PLACE NW,Washington,DC
2320 TRACY PLACE NW,Washington,DC
1205 W STREET NW,Washington,DC
1203 W STREET NW,Washington,DC
1209 W STREET NW,Washington,DC
1207 W STREET NW,Washington,DC
1215 W STREET NW,Washington,DC
1217 W STREET NW,Washington,DC
1211 W STREET NW,Washington,DC
1213 W STREET NW,Washington,DC
2445 CALIFORNIA STREET NW,Washington,DC
1030 WISCONSIN AVENUE NW,Washington,DC
6210 29TH STREET NW,Washington,DC
1013 24TH STREET NW,Washington,DC
3516 WINFIELD LANE NW,Washington,DC
3018 DUMBARTON STREET NW,Washington,DC
3626 JOCELYN STREET NW,Washington,DC
3622 JOCELYN STREET NW,Washington,DC
733 EUCLID STREET NW,Washington,DC
2911 STEPHENSON PLACE NW,Washington,DC
3722 JENIFER STREET NW,Washington,DC
6130 UTAH AVENUE NW,Washington,DC
6134 UTAH AVENUE NW,Washington,DC
3231 STEPHENSON PLACE NW,Washington,DC
4330 50TH STREET NW,Washington,DC
4301 43RD STREET NW,Washington,DC
4623 47TH STREET NW,Washington,DC
5120 33RD STREET NW,Washington,DC
4615 WISCONSIN AVENUE NW,Washington,DC
7070 OREGON AVENUE NW,Washington,DC
1107 MASSACHUSETTS AVENUE NW,Washington,DC
3039 O STREET NW,Washington,DC
4800 VAN NESS STREET NW,Washington,DC
5059 GLENBROOK TERRACE NW,Washington,DC
1332 U STREET NW,Washington,DC
1328 U STREET NW,Washington,DC
6400 33RD STREET NW,Washington,DC
4416 50TH STREET NW,Washington,DC
1813 COLUMBIA ROAD NW,Washington,DC
1511 V STREET NW,Washington,DC
5255 WESTERN AVENUE NW,Washington,DC
1704 EUCLID STREET NW,Washington,DC
3359 18TH STREET NW,Washington,DC
3361 18TH STREET NW,Washington,DC
3363 18TH STREET NW,Washington,DC
3365 18TH STREET NW,Washington,DC
3367 18TH STREET NW,Washington,DC
3369 18TH STREET NW,Washington,DC
1709 HOBAN ROAD NW,Washington,DC
1719 K STREET NW,Washington,DC
74 P STREET NW,Washington,DC
76 P STREET NW,Washington,DC
4748 W STREET NW,Washington,DC
5700 NEBRASKA AVENUE NW,Washington,DC
3101 NORTHAMPTON STREET NW,Washington,DC
4806 HUTCHINS PLACE NW,Washington,DC
4551 GRANT ROAD NW,Washington,DC
7301 WESTERN AVENUE NW,Washington,DC
1708 S STREET NW,Washington,DC
2141 WISCONSIN AVENUE NW,Washington,DC
2955 ALBEMARLE STREET NW,Washington,DC
1824 23RD STREET NW,Washington,DC
7027 WESTERN AVENUE NW,Washington,DC
3314 NEWARK STREET NW,Washington,DC
4515 W STREET NW,Washington,DC
3708 HARRISON STREET NW,Washington,DC
3621 INGOMAR PLACE NW,Washington,DC
3705 HARRISON STREET NW,Washington,DC
3110 RITTENHOUSE STREET NW,Washington,DC
3564 ALTON PLACE NW,Washington,DC
4480 RESERVOIR ROAD NW,Washington,DC
1705 TAYLOR STREET NW,Washington,DC
3711 BRANDYWINE STREET NW,Washington,DC
3411 DENT PLACE NW,Washington,DC
2500 UPTON STREET NW,Washington,DC
4290 MASSACHUSETTS AVENUE NW,Washington,DC
4412 SEDGWICK STREET NW,Washington,DC
5049 KLINGLE STREET NW,Washington,DC
3523 TILDEN STREET NW,Washington,DC
1431 W STREET NW,Washington,DC
1433 W STREET NW,Washington,DC
1435 W STREET NW,Washington,DC
3512 RESERVOIR ROAD NW,Washington,DC
1940 BILTMORE STREET NW,Washington,DC
2706 UNICORN LANE NW,Washington,DC
1759 LAMONT STREET NW,Washington,DC
3015 WHITEHAVEN STREET NW,Washington,DC
3239 N STREET NW,Washington,DC
3808 FORDHAM ROAD NW,Washington,DC
1610 28TH STREET NW,Washington,DC
3069 CANAL ROAD NW,Washington,DC
1616 V STREET NW,Washington,DC
1618 V STREET NW,Washington,DC
1614 V STREET NW,Washington,DC
1610 V STREET NW,Washington,DC
1608 V STREET NW,Washington,DC
1612 V STREET NW,Washington,DC
5161 LINNEAN TERRACE NW,Washington,DC
5318 MANNING PLACE NW,Washington,DC
5322 MANNING PLACE NW,Washington,DC
5403 CONNECTICUT AVENUE NW,Washington,DC
5401 CONNECTICUT AVENUE NW,Washington,DC
3721 MILITARY ROAD NW,Washington,DC
5405 CONNECTICUT AVENUE NW,Washington,DC
3719 MILITARY ROAD NW,Washington,DC
3723 MILITARY ROAD NW,Washington,DC
4838 DAVENPORT STREET NW,Washington,DC
1329 SHEPHERD STREET NW,Washington,DC
1327 SHEPHERD STREET NW,Washington,DC
1323 SHEPHERD STREET NW,Washington,DC
1325 SHEPHERD STREET NW,Washington,DC
1321 SHEPHERD STREET NW,Washington,DC
1822 KALORAMA ROAD NW,Washington,DC
5467 31ST STREET NW,Washington,DC
1714 CONNECTICUT AVENUE NW,Washington,DC
3845 MACOMB STREET NW,Washington,DC
2910 44TH PLACE NW,Washington,DC
1513 S STREET NW,Washington,DC
3238 ARCADIA PLACE NW,Washington,DC
738 COLUMBIA ROAD NW,Washington,DC
4966 BRANDYWINE STREET NW,Washington,DC
1330 30TH STREET NW,Washington,DC
1632 S STREET NW,Washington,DC
1233 29TH STREET NW,Washington,DC
6505 BARNABY STREET NW,Washington,DC
5912 32ND STREET NW,Washington,DC
4517 1/2 MACARTHUR BOULEVARD NW,Washington,DC
3602 ALBEMARLE STREET NW,Washington,DC
2640 1/2 WOODLEY PLACE NW,Washington,DC
5359 29TH STREET NW,Washington,DC
5341 SHERIER PLACE NW,Washington,DC
1765 SHEPHERD STREET NW,Washington,DC
1349 28TH STREET NW,Washington,DC
4231 42ND STREET NW,Washington,DC
3800 ARGYLE TERRACE NW,Washington,DC
1810 KENYON STREET NW,Washington,DC
1816 KENYON STREET NW,Washington,DC
1812 KENYON STREET NW,Washington,DC
1814 KENYON STREET NW,Washington,DC
1808 KENYON STREET NW,Washington,DC
2125 KALORAMA ROAD NW,Washington,DC
5832 SHERIER PLACE NW,Washington,DC
5058 SEDGWICK STREET NW,Washington,DC
4711 47TH STREET NW,Washington,DC
3324 RUNNYMEDE PLACE NW,Washington,DC
5032 MASSACHUSETTS AVENUE NW,Washington,DC
3101 LEGATION STREET NW,Washington,DC
4601 CONNECTICUT AVENUE NW,Washington,DC
2003 23RD STREET NW,Washington,DC
2338 MASSACHUSETTS AVENUE NW,Washington,DC
2332 MASSACHUSETTS AVENUE NW,Washington,DC
2334 MASSACHUSETTS AVENUE NW,Washington,DC
2336 MASSACHUSETTS AVENUE NW,Washington,DC
1309 COLUMBIA ROAD NW,Washington,DC
3900 INGOMAR STREET NW,Washington,DC
928 O STREET NW,Washington,DC
4518 30TH STREET NW,Washington,DC
433 MASSACHUSETTS AVENUE NW,Washington,DC
4631 30TH STREET NW,Washington,DC
6912 32ND STREET NW,Washington,DC
609 U STREET NW,Washington,DC
1532 32ND STREET NW,Washington,DC
4312 37TH STREET NW,Washington,DC
543 KENYON STREET NW,Washington,DC
535 KENYON STREET NW,Washington,DC
533 KENYON STREET NW,Washington,DC
539 KENYON STREET NW,Washington,DC
531 KENYON STREET NW,Washington,DC
541 KENYON STREET NW,Washington,DC
537 KENYON STREET NW,Washington,DC
4120 17TH STREET NW,Washington,DC
3761 CHESAPEAKE STREET NW,Washington,DC
3737 CHESAPEAKE STREET NW,Washington,DC
3749 CHESAPEAKE STREET NW,Washington,DC
3755 CHESAPEAKE STREET NW,Washington,DC
3743 CHESAPEAKE STREET NW,Washington,DC
4949 BRANDYWINE STREET NW,Washington,DC
2100 I STREET NW,Washington,DC
4971 HILLBROOK LANE NW,Washington,DC
4235 COLORADO AVENUE NW,Washington,DC
3730 JENIFER STREET NW,Washington,DC
470 K STREET NW,Washington,DC
4227 BLAGDEN AVENUE NW,Washington,DC
4915 VAN NESS STREET NW,Washington,DC
5409 41ST STREET NW,Washington,DC
5411 41ST STREET NW,Washington,DC
5439 31ST STREET NW,Washington,DC
3059 OLIVER STREET NW,Washington,DC
3055 OLIVER STREET NW,Washington,DC
1900 QUINCY STREET NW,Washington,DC
2130 R STREET NW,Washington,DC
2337 ASHMEAD PLACE NW,Washington,DC
2339 ASHMEAD PLACE NW,Washington,DC
4836 ALTON PLACE NW,Washington,DC
3432 CONNECTICUT AVENUE NW,Washington,DC
1242 34TH STREET NW,Washington,DC
1753 LAMONT STREET NW,Washington,DC
3563 APPLETON STREET NW,Washington,DC
2911 FESSENDEN STREET NW,Washington,DC
2100 PENNSYLVANIA AVENUE NW,Washington,DC
320 TAYLOR STREET NW,Washington,DC
312 TAYLOR STREET NW,Washington,DC
330 TAYLOR STREET NW,Washington,DC
302 TAYLOR STREET NW,Washington,DC
326 TAYLOR STREET NW,Washington,DC
304 TAYLOR STREET NW,Washington,DC
328 TAYLOR STREET NW,Washington,DC
310 TAYLOR STREET NW,Washington,DC
316 TAYLOR STREET NW,Washington,DC
300 TAYLOR STREET NW,Washington,DC
318 TAYLOR STREET NW,Washington,DC
314 TAYLOR STREET NW,Washington,DC
306 TAYLOR STREET NW,Washington,DC
322 TAYLOR STREET NW,Washington,DC
324 TAYLOR STREET NW,Washington,DC
308 TAYLOR STREET NW,Washington,DC
1244 POTOMAC STREET NW,Washington,DC
1517 29TH STREET NW,Washington,DC
1145 19TH STREET NW,Washington,DC
5309 DORSETT PLACE NW,Washington,DC
5511 CHEVY CHASE PARKWAY NW,Washington,DC
2701 35TH PLACE NW,Washington,DC
1666 33RD STREET NW,Washington,DC
1668 WISCONSIN AVENUE NW,Washington,DC
1627 21ST STREET NW,Washington,DC
1215 31ST STREET NW,Washington,DC
1061 31ST STREET NW,Washington,DC
5225 WISCONSIN AVENUE NW,Washington,DC
1066 31ST STREET NW,Washington,DC
3434 34TH STREET NW,Washington,DC
5800 MACARTHUR BOULEVARD NW,Washington,DC
4931 41ST STREET NW,Washington,DC
2013 H STREET NW,Washington,DC
3906 HUNTINGTON STREET NW,Washington,DC
4916 ROCKWOOD PARKWAY NW,Washington,DC
1474 COLUMBIA ROAD NW,Washington,DC
3755 BENTON STREET NW,Washington,DC
3757 BENTON STREET NW,Washington,DC
3803 BENTON STREET NW,Washington,DC
3761 BENTON STREET NW,Washington,DC
3801 BENTON STREET NW,Washington,DC
3753 BENTON STREET NW,Washington,DC
3805 BENTON STREET NW,Washington,DC
3807 BENTON STREET NW,Washington,DC
3759 BENTON STREET NW,Washington,DC
3034 Q STREET NW,Washington,DC
3000 MASSACHUSETTS AVENUE NW,Washington,DC
4959 BUTTERWORTH PLACE NW,Washington,DC
3102 R STREET NW,Washington,DC
1698 31ST STREET NW,Washington,DC
3104 R STREET NW,Washington,DC
3100 R STREET NW,Washington,DC
1696 31ST STREET NW,Washington,DC
3224 CLEVELAND AVENUE NW,Washington,DC
3223 GARFIELD STREET NW,Washington,DC
2808 28TH STREET NW,Washington,DC
2810 28TH STREET NW,Washington,DC
5627 POTOMAC AVENUE NW,Washington,DC
7636 17TH STREET NW,Washington,DC
5109 YUMA PLACE NW,Washington,DC
802 RITTENHOUSE STREET NW,Washington,DC
800 RITTENHOUSE STREET NW,Washington,DC
2819 MCGILL TERRACE NW,Washington,DC
4315 39TH STREET NW,Washington,DC
4301 39TH STREET NW,Washington,DC
2905 P STREET NW,Washington,DC
4640 TILDEN STREET NW,Washington,DC
6221 32ND PLACE NW,Washington,DC
5419 41ST STREET NW,Washington,DC
4927 30TH PLACE NW,Washington,DC
3729 FORDHAM ROAD NW,Washington,DC
4912 QUEBEC STREET NW,Washington,DC
706 RANDOLPH STREET NW,Washington,DC
704 RANDOLPH STREET NW,Washington,DC
710 RANDOLPH STREET NW,Washington,DC
708 RANDOLPH STREET NW,Washington,DC
1521 VARNUM STREET NW,Washington,DC
1517 VARNUM STREET NW,Washington,DC
1519 VARNUM STREET NW,Washington,DC
1515 VARNUM STREET NW,Washington,DC
3118 PATTERSON STREET NW,Washington,DC
1008 MONROE STREET NW,Washington,DC
1243 34TH STREET NW,Washington,DC
3018 TENNYSON STREET NW,Washington,DC
664 COLUMBIA ROAD NW,Washington,DC
662 COLUMBIA ROAD NW,Washington,DC
660 COLUMBIA ROAD NW,Washington,DC
2910 GARFIELD STREET NW,Washington,DC
4901 CHESAPEAKE STREET NW,Washington,DC
1730 UPSHUR STREET NW,Washington,DC
1115 P STREET NW,Washington,DC
1710 SEATON STREET NW,Washington,DC
3714 MORRISON STREET NW,Washington,DC
502 I STREET NW,Washington,DC
1209 V STREET NW,Washington,DC
2821 29TH STREET NW,Washington,DC
2823 29TH STREET NW,Washington,DC
2829 29TH STREET NW,Washington,DC
2825 29TH STREET NW,Washington,DC
2827 29TH STREET NW,Washington,DC
4213 46TH STREET NW,Washington,DC
1312 P STREET NW,Washington,DC
2957 NEWARK STREET NW,Washington,DC
5330 43RD STREET NW,Washington,DC
2557 36TH STREET NW,Washington,DC
2931 ALBEMARLE STREET NW,Washington,DC
1320 S STREET NW,Washington,DC
3143 DUMBARTON STREET NW,Washington,DC
2900 N STREET NW,Washington,DC
2223 HALL PLACE NW,Washington,DC
2227 HALL PLACE NW,Washington,DC
2221 HALL PLACE NW,Washington,DC
2219 HALL PLACE NW,Washington,DC
2229 HALL PLACE NW,Washington,DC
2225 HALL PLACE NW,Washington,DC
2104 DUNMORE LANE NW,Washington,DC
1721 WILLARD STREET NW,Washington,DC
1719 WILLARD STREET NW,Washington,DC
1725 WILLARD STREET NW,Washington,DC
1717 WILLARD STREET NW,Washington,DC
1723 WILLARD STREET NW,Washington,DC
1727 WILLARD STREET NW,Washington,DC
5122 WARREN PLACE NW,Washington,DC
2701 O STREET NW,Washington,DC
5301 BROAD BRANCH ROAD NW,Washington,DC
5063 MILLWOOD LANE NW,Washington,DC
5016 42ND STREET NW,Washington,DC
1601 MASSACHUSETTS AVENUE NW,Washington,DC
5440 33RD STREET NW,Washington,DC
3327 RITTENHOUSE STREET NW,Washington,DC
215 UPSHUR STREET NW,Washington,DC
1226 W STREET NW,Washington,DC
4542 HARRISON STREET NW,Washington,DC
4530 HARRISON STREET NW,Washington,DC
4538 HARRISON STREET NW,Washington,DC
4534 HARRISON STREET NW,Washington,DC
3665 UPTON STREET NW,Washington,DC
3649 UPTON STREET NW,Washington,DC
3653 UPTON STREET NW,Washington,DC
3661 UPTON STREET NW,Washington,DC
3200 WORTHINGTON STREET NW,Washington,DC
4837 W STREET NW,Washington,DC
3012 OLIVER STREET NW,Washington,DC
1234 28TH STREET NW,Washington,DC
1228 28TH STREET NW,Washington,DC
1226 28TH STREET NW,Washington,DC
1230 28TH STREET NW,Washington,DC
1232 28TH STREET NW,Washington,DC
5325 MACARTHUR BOULEVARD NW,Washington,DC
5115 MACARTHUR BOULEVARD NW,Washington,DC
5135 MACARTHUR BOULEVARD NW,Washington,DC
5169 MACARTHUR BOULEVARD NW,Washington,DC
5171 MACARTHUR BOULEVARD NW,Washington,DC
5133 MACARTHUR BOULEVARD NW,Washington,DC
5117 MACARTHUR BOULEVARD NW,Washington,DC
6107 32ND STREET NW,Washington,DC
6105 32ND STREET NW,Washington,DC
1613 V STREET NW,Washington,DC
1617 V STREET NW,Washington,DC
1615 V STREET NW,Washington,DC
1619 V STREET NW,Washington,DC
4309 WISCONSIN AVENUE NW,Washington,DC
3509 35TH STREET NW,Washington,DC
5224 MANNING PLACE NW,Washington,DC
5212 MANNING PLACE NW,Washington,DC
5206 MANNING PLACE NW,Washington,DC
5218 MANNING PLACE NW,Washington,DC
3013 CLEVELAND AVENUE NW,Washington,DC
3017 CLEVELAND AVENUE NW,Washington,DC
2726 BRANDYWINE STREET NW,Washington,DC
4917 BUTTERWORTH PLACE NW,Washington,DC
4025 MANSION DRIVE NW,Washington,DC
4033 MANSION DRIVE NW,Washington,DC
4023 MANSION DRIVE NW,Washington,DC
4027 MANSION DRIVE NW,Washington,DC
4031 MANSION DRIVE NW,Washington,DC
4021 MANSION DRIVE NW,Washington,DC
4035 MANSION DRIVE NW,Washington,DC
4029 MANSION DRIVE NW,Washington,DC
1029 17TH STREET NW,Washington,DC
3338 MILITARY ROAD NW,Washington,DC
979 FLORIDA AVENUE NW,Washington,DC
1634 S STREET NW,Washington,DC
1737 17TH STREET NW,Washington,DC
1739 17TH STREET NW,Washington,DC
1733 17TH STREET NW,Washington,DC
1735 17TH STREET NW,Washington,DC
3214 M STREET NW,Washington,DC
5316 29TH STREET NW,Washington,DC
4221 43RD STREET NW,Washington,DC
3839 LIVINGSTON STREET NW,Washington,DC
1333 P STREET NW,Washington,DC
2911 ARIZONA AVENUE NW,Washington,DC
4736 W STREET NW,Washington,DC
1327 30TH STREET NW,Washington,DC
4621 CHESAPEAKE STREET NW,Washington,DC
8141 EAST BEACH DRIVE NW,Washington,DC
6625 31ST PLACE NW,Washington,DC
2902 ALBEMARLE STREET NW,Washington,DC
3527 CUMBERLAND STREET NW,Washington,DC
1809 VARNUM STREET NW,Washington,DC
5037 CONNECTICUT AVENUE NW,Washington,DC
1 P STREET NW,Washington,DC
4509 W STREET NW,Washington,DC
902 S STREET NW,Washington,DC
904 S STREET NW,Washington,DC
900 S STREET NW,Washington,DC
906 S STREET NW,Washington,DC
1732 CONNECTICUT AVENUE NW,Washington,DC
1730 CONNECTICUT AVENUE NW,Washington,DC
1728 CONNECTICUT AVENUE NW,Washington,DC
1734 CONNECTICUT AVENUE NW,Washington,DC
4215 ARGYLE TERRACE NW,Washington,DC
4625 30TH STREET NW,Washington,DC
117 NEW YORK AVENUE NW,Washington,DC
119 NEW YORK AVENUE NW,Washington,DC
3548 WINFIELD LANE NW,Washington,DC
935 26TH STREET NW,Washington,DC
5032 DANA PLACE NW,Washington,DC
2825 31ST STREET NW,Washington,DC
914 F STREET NW,Washington,DC
2126 NEWPORT PLACE NW,Washington,DC
2128 NEWPORT PLACE NW,Washington,DC
2132 NEWPORT PLACE NW,Washington,DC
2122 NEWPORT PLACE NW,Washington,DC
2124 NEWPORT PLACE NW,Washington,DC
2130 NEWPORT PLACE NW,Washington,DC
3111 CATHEDRAL AVENUE NW,Washington,DC
4430 HADFIELD LANE NW,Washington,DC
3817 VAN NESS STREET NW,Washington,DC
3811 VAN NESS STREET NW,Washington,DC
3819 VAN NESS STREET NW,Washington,DC
3809 VAN NESS STREET NW,Washington,DC
2506 I STREET NW,Washington,DC
1666 34TH STREET NW,Washington,DC
1664 34TH STREET NW,Washington,DC
1624 HOBART STREET NW,Washington,DC
3425 QUEBEC STREET NW,Washington,DC
1404 P STREET NW,Washington,DC
3411 P STREET NW,Washington,DC
2021 TUNLAW ROAD NW,Washington,DC
1828 FLORIDA AVENUE NW,Washington,DC
1819 BILTMORE STREET NW,Washington,DC
3411 ORDWAY STREET NW,Washington,DC
3604 34TH STREET NW,Washington,DC
1425 21ST STREET NW,Washington,DC
2032 P STREET NW,Washington,DC
1427 21ST STREET NW,Washington,DC
1431 21ST STREET NW,Washington,DC
1429 21ST STREET NW,Washington,DC
610 PARK ROAD NW,Washington,DC
3805 GRAMERCY STREET NW,Washington,DC
1342 QUINCY STREET NW,Washington,DC
1340 QUINCY STREET NW,Washington,DC
1336 QUINCY STREET NW,Washington,DC
1346 QUINCY STREET NW,Washington,DC
1338 QUINCY STREET NW,Washington,DC
1350 QUINCY STREET NW,Washington,DC
1348 QUINCY STREET NW,Washington,DC
1344 QUINCY STREET NW,Washington,DC
1334 QUINCY STREET NW,Washington,DC
4010 VEAZEY STREET NW,Washington,DC
4018 VEAZEY STREET NW,Washington,DC
4000 VEAZEY STREET NW,Washington,DC
4014 VEAZEY STREET NW,Washington,DC
3712 MACOMB STREET NW,Washington,DC
3714 MACOMB STREET NW,Washington,DC
3716 MACOMB STREET NW,Washington,DC
507 T STREET NW,Washington,DC
1450 NEWTON STREET NW,Washington,DC
1454 NEWTON STREET NW,Washington,DC
1452 NEWTON STREET NW,Washington,DC
5153 TILDEN STREET NW,Washington,DC
2302 KALORAMA ROAD NW,Washington,DC
2713 UNICORN LANE NW,Washington,DC
3344 RUNNYMEDE PLACE NW,Washington,DC
3535 YUMA STREET NW,Washington,DC
543 RANDOLPH STREET NW,Washington,DC
541 RANDOLPH STREET NW,Washington,DC
759 KENYON STREET NW,Washington,DC
757 KENYON STREET NW,Washington,DC
5241 BROAD BRANCH ROAD NW,Washington,DC
75 NEW YORK AVENUE NW,Washington,DC
1738 UPSHUR STREET NW,Washington,DC
1412 FOXHALL ROAD NW,Washington,DC
1414 FOXHALL ROAD NW,Washington,DC
3215 WALBRIDGE PLACE NW,Washington,DC
3227 WALBRIDGE PLACE NW,Washington,DC
3209 WALBRIDGE PLACE NW,Washington,DC
3229 WALBRIDGE PLACE NW,Washington,DC
3217 WALBRIDGE PLACE NW,Washington,DC
1931 LAMONT STREET NW,Washington,DC
1933 LAMONT STREET NW,Washington,DC
3225 WALBRIDGE PLACE NW,Washington,DC
3235 WALBRIDGE PLACE NW,Washington,DC
1929 LAMONT STREET NW,Washington,DC
3231 WALBRIDGE PLACE NW,Washington,DC
1927 LAMONT STREET NW,Washington,DC
1937 LAMONT STREET NW,Washington,DC
1935 LAMONT STREET NW,Washington,DC
3233 WALBRIDGE PLACE NW,Washington,DC
3211 WALBRIDGE PLACE NW,Washington,DC
3213 WALBRIDGE PLACE NW,Washington,DC
3219 WALBRIDGE PLACE NW,Washington,DC
3221 WALBRIDGE PLACE NW,Washington,DC
3223 WALBRIDGE PLACE NW,Washington,DC
2360 MASSACHUSETTS AVENUE NW,Washington,DC
1226 R STREET NW,Washington,DC
1740 20TH STREET NW,Washington,DC
3107 N STREET NW,Washington,DC
3111 N STREET NW,Washington,DC
3109 N STREET NW,Washington,DC
2204 18TH STREET NW,Washington,DC
1465 HARVARD STREET NW,Washington,DC
2724 36TH PLACE NW,Washington,DC
3126 WOODLEY ROAD NW,Washington,DC
3900 FULTON STREET NW,Washington,DC
1524 CONNECTICUT AVENUE NW,Washington,DC
5019 SEDGWICK STREET NW,Washington,DC
3124 M STREET NW,Washington,DC
436 M STREET NW,Washington,DC
1506 27TH STREET NW,Washington,DC
835 RITTENHOUSE STREET NW,Washington,DC
839 RITTENHOUSE STREET NW,Washington,DC
6356 31ST STREET NW,Washington,DC
425 QUINCY STREET NW,Washington,DC
423 QUINCY STREET NW,Washington,DC
3705 BRANDYWINE STREET NW,Washington,DC
3707 BRANDYWINE STREET NW,Washington,DC
3230 WOODLEY ROAD NW,Washington,DC
3232 WOODLEY ROAD NW,Washington,DC
1736 18TH STREET NW,Washington,DC
1661 1/2 WISCONSIN AVENUE NW,Washington,DC
2600 ROCK CREEK DRIVE NW,Washington,DC
5745 MORELAND STREET NW,Washington,DC
5331 42ND PLACE NW,Washington,DC
1351 RITTENHOUSE STREET NW,Washington,DC
1353 RITTENHOUSE STREET NW,Washington,DC
1347 RITTENHOUSE STREET NW,Washington,DC
1345 RITTENHOUSE STREET NW,Washington,DC
1349 RITTENHOUSE STREET NW,Washington,DC
1355 RITTENHOUSE STREET NW,Washington,DC
4709 BLAGDEN AVENUE NW,Washington,DC
509 H STREET NW,Washington,DC
1624 U STREET NW,Washington,DC
2215 30TH STREET NW,Washington,DC
1500 FOXHALL ROAD NW,Washington,DC
1504 FOXHALL ROAD NW,Washington,DC
3200 33RD PLACE NW,Washington,DC
1675 35TH STREET NW,Washington,DC
2620 FOXHALL ROAD NW,Washington,DC
3600 MACOMB STREET NW,Washington,DC
3411 O STREET NW,Washington,DC
223 UPSHUR STREET NW,Washington,DC
225 UPSHUR STREET NW,Washington,DC
227 UPSHUR STREET NW,Washington,DC
5411 WESTERN AVENUE NW,Washington,DC
2128 LEROY PLACE NW,Washington,DC
2126 LEROY PLACE NW,Washington,DC
2130 LEROY PLACE NW,Washington,DC
19 I STREET NW,Washington,DC
2808 BATTERY PLACE NW,Washington,DC
4521 GARFIELD STREET NW,Washington,DC
4880 GLENBROOK ROAD NW,Washington,DC
4410 DEXTER STREET NW,Washington,DC
4420 DEXTER STREET NW,Washington,DC
3120 NEWARK STREET NW,Washington,DC
1726 CONNECTICUT AVENUE NW,Washington,DC
4554 LOWELL STREET NW,Washington,DC
1616 FOXHALL ROAD NW,Washington,DC
3508 PROSPECT STREET NW,Washington,DC
3409 CONNECTICUT AVENUE NW,Washington,DC
3411 CONNECTICUT AVENUE NW,Washington,DC
4430 LOWELL STREET NW,Washington,DC
5032 GLENBROOK TERRACE NW,Washington,DC
1526 29TH STREET NW,Washington,DC
2343 17TH STREET NW,Washington,DC
2825 49TH STREET NW,Washington,DC
3540 39TH STREET NW,Washington,DC
3500 39TH STREET NW,Washington,DC
3510 39TH STREET NW,Washington,DC
3520 39TH STREET NW,Washington,DC
3530 39TH STREET NW,Washington,DC
632 FLORIDA AVENUE NW,Washington,DC
633 T STREET NW,Washington,DC
3738 KANAWHA STREET NW,Washington,DC
5708 NEVADA AVENUE NW,Washington,DC
5712 NEVADA AVENUE NW,Washington,DC
5710 NEVADA AVENUE NW,Washington,DC
3149 O STREET NW,Washington,DC
2010 KALORAMA ROAD NW,Washington,DC
1755 REAR2 NEWTON STREET NW,Washington,DC
3224 MILITARY ROAD NW,Washington,DC
3226 MILITARY ROAD NW,Washington,DC
1701 22ND STREET NW,Washington,DC
607 NEW YORK AVENUE NW,Washington,DC
3373 STUYVESANT PLACE NW,Washington,DC
3525 WINFIELD LANE NW,Washington,DC
1434 TAYLOR STREET NW,Washington,DC
1440 TAYLOR STREET NW,Washington,DC
1436 TAYLOR STREET NW,Washington,DC
1438 TAYLOR STREET NW,Washington,DC
3415 VOLTA PLACE NW,Washington,DC
3008 P STREET NW,Washington,DC
3639 VEAZEY STREET NW,Washington,DC
3637 VEAZEY STREET NW,Washington,DC
1100 CONNECTICUT AVENUE NW,Washington,DC
1615 SWANN STREET NW,Washington,DC
1617 SWANN STREET NW,Washington,DC
3914 49TH STREET NW,Washington,DC
3034 TENNYSON STREET NW,Washington,DC
3717 YUMA STREET NW,Washington,DC
650 PARK ROAD NW,Washington,DC
1010 S STREET NW,Washington,DC
1226 IRVING STREET NW,Washington,DC
1228 IRVING STREET NW,Washington,DC
1236 IRVING STREET NW,Washington,DC
1232 IRVING STREET NW,Washington,DC
1230 IRVING STREET NW,Washington,DC
1222 IRVING STREET NW,Washington,DC
1234 IRVING STREET NW,Washington,DC
1224 IRVING STREET NW,Washington,DC
2904 BRANDYWINE STREET NW,Washington,DC
4420 17TH STREET NW,Washington,DC
3615 WINFIELD LANE NW,Washington,DC
3413 QUESADA STREET NW,Washington,DC
1651 PARK ROAD NW,Washington,DC
4409 RIVER ROAD NW,Washington,DC
6331 WESTERN AVENUE NW,Washington,DC
3009 44TH PLACE NW,Washington,DC
1229 T STREET NW,Washington,DC
4815 CHESAPEAKE STREET NW,Washington,DC
5504 CHEVY CHASE PARKWAY NW,Washington,DC
5305 DORSETT PLACE NW,Washington,DC
2720 OLIVE STREET NW,Washington,DC
1634 I STREET NW,Washington,DC
1015 T STREET NW,Washington,DC
425 M STREET NW,Washington,DC
3905 MANSION DRIVE NW,Washington,DC
4515 Q LANE NW,Washington,DC
3706 VAN NESS STREET NW,Washington,DC
1418 FOXHALL ROAD NW,Washington,DC
3819 LEGATION STREET NW,Washington,DC
703 IRVING STREET NW,Washington,DC
2700 O STREET NW,Washington,DC
1422 FOXHALL ROAD NW,Washington,DC
4508 VAN NESS STREET NW,Washington,DC
1808 WYOMING AVENUE NW,Washington,DC
1822 WYOMING AVENUE NW,Washington,DC
1806 WYOMING AVENUE NW,Washington,DC
1824 WYOMING AVENUE NW,Washington,DC
801 G STREET NW,Washington,DC
5504 1/2 COLORADO AVENUE NW,Washington,DC
5506 COLORADO AVENUE NW,Washington,DC
5502 COLORADO AVENUE NW,Washington,DC
1641 NEWTON STREET NW,Washington,DC
3040 FOXHALL ROAD NW,Washington,DC
2820 O STREET NW,Washington,DC
2707 P STREET NW,Washington,DC
3100 B WHITEHAVEN STREET NW,Washington,DC
5334 NEBRASKA AVENUE NW,Washington,DC
1643 34TH STREET NW,Washington,DC
4109 INGOMAR STREET NW,Washington,DC
